sku_id,channel,mape,rmse,n_test
SKU-0001,total,58.87,168.1,516
SKU-0001,hospital,55.83,63.22,516
SKU-0001,chain,57.05,60.32,516
SKU-0001,independent,56.5,42.76,516
SKU-0002,total,33.26,4.43,516
SKU-0002,hospital,35.97,2.01,516
SKU-0002,chain,30.08,1.66,516
SKU-0002,independent,17.39,0.92,516
SKU-0003,total,40.12,3.87,516
SKU-0003,hospital,21.95,0.89,516
SKU-0003,chain,41.74,1.66,516
SKU-0003,independent,31.31,1.29,516
SKU-0004,total,41.71,446.45,516
SKU-0004,hospital,43.77,165.36,516
SKU-0004,chain,41.64,160.09,516
SKU-0004,independent,42.08,121.9,516
SKU-0005,total,46.29,25.81,516
SKU-0005,hospital,49.72,9.24,516
SKU-0005,chain,48.07,10.88,516
SKU-0005,independent,51.38,6.77,516
SKU-0006,total,51.54,16.95,516
SKU-0006,hospital,55.14,5.24,516
SKU-0006,chain,52.73,8.23,516
SKU-0006,independent,45.56,4.16,516
SKU-0007,total,34.53,14.17,516
SKU-0007,hospital,32.27,6.23,516
SKU-0007,chain,30.9,4.49,516
SKU-0007,independent,36.61,3.5,516
SKU-0008,total,34.58,20.98,516
SKU-0008,hospital,35.87,6.5,516
SKU-0008,chain,38.04,10.16,516
SKU-0008,independent,33.4,5.07,516
SKU-0009,total,42.71,6.33,516
SKU-0009,hospital,44.04,2.62,516
SKU-0009,chain,35.58,2.09,516
SKU-0009,independent,43.92,1.94,516
SKU-0010,total,35.5,7.38,516
SKU-0010,hospital,31.13,2.16,516
SKU-0010,chain,31.56,2.91,516
SKU-0010,independent,38.02,2.62,516
SKU-0011,total,55.46,19.87,516
SKU-0011,hospital,56.66,8.69,516
SKU-0011,chain,59.78,8.47,516
SKU-0011,independent,38.25,3.22,516
SKU-0012,total,31.16,139.64,516
SKU-0012,hospital,30.02,55.36,516
SKU-0012,chain,29.35,45.78,516
SKU-0012,independent,31.37,37.69,516
SKU-0013,total,22.81,11.09,516
SKU-0013,hospital,23.52,2.97,516
SKU-0013,chain,25.26,5.44,516
SKU-0013,independent,20.12,2.93,516
SKU-0014,total,21.24,181.85,516
SKU-0014,hospital,21.14,80.14,516
SKU-0014,chain,21.32,66.19,516
SKU-0014,independent,21.2,36.48,516
SKU-0015,total,32.47,7.33,516
SKU-0015,hospital,31.38,3.05,516
SKU-0015,chain,27.18,2.55,516
SKU-0015,independent,30.85,1.8,516
SKU-0016,total,24.79,10.75,516
SKU-0016,hospital,24.37,3.24,516
SKU-0016,chain,26.12,4.65,516
SKU-0016,independent,23.28,3.07,516
SKU-0017,total,22.23,24.39,516
SKU-0017,hospital,23.12,9.26,516
SKU-0017,chain,23.5,10.5,516
SKU-0017,independent,22.43,4.8,516
SKU-0018,total,16.38,8.06,516
SKU-0018,hospital,16.27,3.39,516
SKU-0018,chain,16.37,3.07,516
SKU-0018,independent,14.6,2.03,516
SKU-0019,total,23.87,3.84,516
SKU-0019,hospital,21.01,1.37,516
SKU-0019,chain,20.47,1.34,516
SKU-0019,independent,20.58,1.25,516
SKU-0020,total,41.5,7.45,516
SKU-0020,hospital,46.3,3.28,516
SKU-0020,chain,44.7,3.14,516
SKU-0020,independent,22.12,1.22,516
SKU-0021,total,17.7,206.05,516
SKU-0021,hospital,17.36,70.19,516
SKU-0021,chain,17.72,77.32,516
SKU-0021,independent,17.5,53.34,516
SKU-0022,total,63.15,8.1,516
SKU-0022,hospital,48.82,2.56,516
SKU-0022,chain,59.03,3.12,516
SKU-0022,independent,57.85,2.67,516
SKU-0023,total,19.64,2.06,516
SKU-0023,hospital,14.39,0.59,516
SKU-0023,chain,19.12,0.86,516
SKU-0023,independent,19.22,0.78,516
SKU-0024,total,38.98,10.7,516
SKU-0024,hospital,40.59,3.13,516
SKU-0024,chain,39.54,5.53,516
SKU-0024,independent,40.63,2.73,516
SKU-0025,total,16.65,5.33,516
SKU-0025,hospital,16.83,1.93,516
SKU-0025,chain,15.66,1.81,516
SKU-0025,independent,16.67,1.86,516
SKU-0026,total,34.75,103.82,516
SKU-0026,hospital,35.37,39.49,516
SKU-0026,chain,35.34,36.28,516
SKU-0026,independent,36.7,29.44,516
SKU-0027,total,21.69,3.69,516
SKU-0027,hospital,19.7,1.35,516
SKU-0027,chain,22.47,1.64,516
SKU-0027,independent,16.12,0.8,516
SKU-0028,total,35.02,7.92,516
SKU-0028,hospital,26.96,3.53,516
SKU-0028,chain,26.78,2.43,516
SKU-0028,independent,50.61,2.57,516
SKU-0029,total,18.82,15.27,516
SKU-0029,hospital,19.31,3.92,516
SKU-0029,chain,18.19,7.66,516
SKU-0029,independent,17.47,3.63,516
SKU-0030,total,40.09,9.52,516
SKU-0030,hospital,29.13,3.48,516
SKU-0030,chain,37.98,3.99,516
SKU-0030,independent,34.69,2.01,516
SKU-0031,total,23.05,11.39,516
SKU-0031,hospital,22.0,4.69,516
SKU-0031,chain,20.43,4.72,516
SKU-0031,independent,21.04,2.34,516
SKU-0032,total,18.19,224.1,516
SKU-0032,hospital,18.24,96.33,516
SKU-0032,chain,18.74,76.97,516
SKU-0032,independent,18.09,52.93,516
SKU-0033,total,12.99,52.17,516
SKU-0033,hospital,12.85,20.09,516
SKU-0033,chain,13.31,17.67,516
SKU-0033,independent,12.61,14.26,516
SKU-0034,total,26.93,6.26,516
SKU-0034,hospital,26.97,2.36,516
SKU-0034,chain,21.05,2.37,516
SKU-0034,independent,23.83,1.67,516
SKU-0035,total,31.26,4.63,516
SKU-0035,hospital,27.44,1.79,516
SKU-0035,chain,24.69,1.59,516
SKU-0035,independent,22.07,1.37,516
SKU-0036,total,45.74,27.05,516
SKU-0036,hospital,49.23,12.74,516
SKU-0036,chain,45.59,9.58,516
SKU-0036,independent,39.15,5.92,516
SKU-0037,total,19.84,269.42,516
SKU-0037,hospital,20.25,90.01,516
SKU-0037,chain,19.46,95.83,516
SKU-0037,independent,20.1,82.03,516
SKU-0038,total,31.51,70.49,516
SKU-0038,hospital,31.97,24.23,516
SKU-0038,chain,30.29,30.93,516
SKU-0038,independent,31.04,15.21,516
SKU-0039,total,57.26,11.15,516
SKU-0039,hospital,48.23,4.14,516
SKU-0039,chain,51.84,4.47,516
SKU-0039,independent,35.35,1.71,516
SKU-0040,total,21.43,4.19,516
SKU-0040,hospital,20.28,1.47,516
SKU-0040,chain,16.92,1.78,516
SKU-0040,independent,17.97,1.21,516
SKU-0041,total,31.65,8.46,516
SKU-0041,hospital,28.9,2.37,516
SKU-0041,chain,34.38,4.37,516
SKU-0041,independent,33.15,2.33,516
SKU-0042,total,25.8,7.48,516
SKU-0042,hospital,22.22,2.51,516
SKU-0042,chain,23.01,3.13,516
SKU-0042,independent,25.85,1.78,516
SKU-0043,total,21.6,9.22,516
SKU-0043,hospital,24.95,4.12,516
SKU-0043,chain,22.7,2.73,516
SKU-0043,independent,20.73,2.52,516
SKU-0044,total,29.19,4.1,516
SKU-0044,hospital,17.12,0.96,516
SKU-0044,chain,25.73,1.89,516
SKU-0044,independent,32.72,1.59,516
SKU-0045,total,29.33,15.36,516
SKU-0045,hospital,33.0,5.87,516
SKU-0045,chain,33.52,6.81,516
SKU-0045,independent,27.57,3.12,516
SKU-0046,total,31.65,10.46,516
SKU-0046,hospital,32.59,2.79,516
SKU-0046,chain,28.9,3.83,516
SKU-0046,independent,30.41,3.77,516
SKU-0047,total,36.98,18.23,516
SKU-0047,hospital,37.92,7.26,516
SKU-0047,chain,40.37,7.9,516
SKU-0047,independent,34.17,3.51,516
SKU-0048,total,32.05,27.95,516
SKU-0048,hospital,31.58,8.92,516
SKU-0048,chain,33.96,12.1,516
SKU-0048,independent,32.85,6.64,516
SKU-0049,total,26.39,11.91,516
SKU-0049,hospital,25.69,4.01,516
SKU-0049,chain,27.08,4.85,516
SKU-0049,independent,24.41,3.33,516
SKU-0050,total,24.2,2.35,516
SKU-0050,hospital,26.98,0.78,516
SKU-0050,chain,26.94,1.08,516
SKU-0050,independent,16.62,0.7,516
SKU-0051,total,25.51,5.45,516
SKU-0051,hospital,25.64,2.39,516
SKU-0051,chain,21.33,1.85,516
SKU-0051,independent,21.75,1.35,516
SKU-0052,total,33.67,1.64,516
SKU-0052,hospital,41.72,1.04,516
SKU-0052,chain,39.83,0.89,516
SKU-0052,independent,4.8,0.15,516
SKU-0053,total,44.01,21.15,516
SKU-0053,hospital,38.49,5.93,516
SKU-0053,chain,40.18,8.22,516
SKU-0053,independent,42.1,7.11,516
SKU-0054,total,33.99,18.24,516
SKU-0054,hospital,31.05,5.15,516
SKU-0054,chain,34.66,8.79,516
SKU-0054,independent,37.82,4.46,516
SKU-0055,total,61.95,10.01,516
SKU-0055,hospital,56.84,2.83,516
SKU-0055,chain,57.57,4.42,516
SKU-0055,independent,37.69,2.45,516
SKU-0056,total,28.01,380.96,516
SKU-0056,hospital,27.67,155.84,516
SKU-0056,chain,27.72,108.69,516
SKU-0056,independent,28.96,108.66,516
SKU-0057,total,30.9,1.11,516
SKU-0057,hospital,29.66,0.5,516
SKU-0057,chain,36.55,0.7,516
SKU-0057,independent,21.64,0.43,516
SKU-0058,total,22.64,2.0,516
SKU-0058,hospital,24.75,0.87,516
SKU-0058,chain,16.43,0.74,516
SKU-0058,independent,22.33,0.67,516
SKU-0059,total,28.02,7.83,516
SKU-0059,hospital,23.9,3.09,516
SKU-0059,chain,26.05,3.05,516
SKU-0059,independent,27.57,1.56,516
SKU-0060,total,54.92,7.98,516
SKU-0060,hospital,64.2,4.03,516
SKU-0060,chain,47.39,2.46,516
SKU-0060,independent,45.92,2.24,516
SKU-0061,total,11.09,86.25,516
SKU-0061,hospital,11.27,27.0,516
SKU-0061,chain,11.28,29.92,516
SKU-0061,independent,11.99,32.57,516
SKU-0062,total,22.21,364.43,516
SKU-0062,hospital,21.48,118.54,516
SKU-0062,chain,21.79,155.48,516
SKU-0062,independent,21.53,82.54,516
SKU-0063,total,47.03,11.79,516
SKU-0063,hospital,54.47,5.32,516
SKU-0063,chain,44.07,4.4,516
SKU-0063,independent,29.42,2.54,516
SKU-0064,total,27.65,11.66,516
SKU-0064,hospital,28.35,5.06,516
SKU-0064,chain,26.69,4.52,516
SKU-0064,independent,24.18,2.55,516
SKU-0065,total,30.93,21.84,516
SKU-0065,hospital,30.42,9.23,516
SKU-0065,chain,30.61,6.43,516
SKU-0065,independent,29.11,6.12,516
SKU-0066,total,34.86,2.49,516
SKU-0066,hospital,34.3,1.18,516
SKU-0066,chain,39.53,1.0,516
SKU-0066,independent,32.48,0.79,516
SKU-0067,total,24.67,18.75,516
SKU-0067,hospital,28.35,4.89,516
SKU-0067,chain,24.72,8.95,516
SKU-0067,independent,24.87,5.48,516
SKU-0068,total,22.23,7.38,516
SKU-0068,hospital,22.08,2.47,516
SKU-0068,chain,19.65,3.03,516
SKU-0068,independent,19.62,2.19,516
SKU-0069,total,42.22,2.77,516
SKU-0069,hospital,33.0,0.83,516
SKU-0069,chain,30.93,1.14,516
SKU-0069,independent,28.53,0.86,516
SKU-0070,total,42.42,16.48,516
SKU-0070,hospital,36.84,6.94,516
SKU-0070,chain,39.97,4.86,516
SKU-0070,independent,34.33,4.69,516
SKU-0071,total,26.64,306.99,516
SKU-0071,hospital,26.52,105.89,516
SKU-0071,chain,27.09,115.17,516
SKU-0071,independent,27.01,84.82,516
SKU-0072,total,19.22,1.29,516
SKU-0072,hospital,11.52,0.42,516
SKU-0072,chain,16.46,0.54,516
SKU-0072,independent,33.94,0.68,516
SKU-0073,total,35.28,9.05,516
SKU-0073,hospital,34.66,3.71,516
SKU-0073,chain,34.91,3.7,516
SKU-0073,independent,25.59,1.87,516
SKU-0074,total,40.93,7.64,516
SKU-0074,hospital,37.8,3.02,516
SKU-0074,chain,39.05,3.01,516
SKU-0074,independent,28.79,2.0,516
SKU-0075,total,46.78,161.96,516
SKU-0075,hospital,46.76,67.84,516
SKU-0075,chain,46.67,50.92,516
SKU-0075,independent,47.14,43.14,516
SKU-0076,total,28.45,12.14,516
SKU-0076,hospital,22.59,3.13,516
SKU-0076,chain,26.05,5.22,516
SKU-0076,independent,25.95,3.91,516
SKU-0077,total,28.26,6.37,516
SKU-0077,hospital,27.78,2.17,516
SKU-0077,chain,27.25,2.58,516
SKU-0077,independent,25.03,1.66,516
SKU-0078,total,23.61,11.67,516
SKU-0078,hospital,24.75,3.73,516
SKU-0078,chain,23.17,4.57,516
SKU-0078,independent,24.34,3.41,516
SKU-0079,total,26.07,17.39,516
SKU-0079,hospital,25.94,6.74,516
SKU-0079,chain,23.13,6.21,516
SKU-0079,independent,25.18,4.32,516
SKU-0080,total,22.53,1.26,516
SKU-0080,hospital,24.09,0.56,516
SKU-0080,chain,22.63,0.68,516
SKU-0080,independent,5.48,0.19,516
SKU-0081,total,24.17,523.82,516
SKU-0081,hospital,24.33,168.21,516
SKU-0081,chain,23.84,238.74,516
SKU-0081,independent,24.12,122.34,516
SKU-0082,total,34.03,24.93,516
SKU-0082,hospital,37.27,10.18,516
SKU-0082,chain,32.71,7.98,516
SKU-0082,independent,32.42,7.25,516
SKU-0083,total,28.15,8.69,516
SKU-0083,hospital,27.26,2.85,516
SKU-0083,chain,30.43,3.38,516
SKU-0083,independent,22.37,2.78,516
SKU-0084,total,41.5,8.79,516
SKU-0084,hospital,38.05,3.02,516
SKU-0084,chain,35.58,3.65,516
SKU-0084,independent,29.46,1.82,516
SKU-0085,total,24.25,2.93,516
SKU-0085,hospital,22.25,0.93,516
SKU-0085,chain,20.86,1.35,516
SKU-0085,independent,22.91,0.96,516
SKU-0086,total,24.82,234.29,516
SKU-0086,hospital,25.16,85.6,516
SKU-0086,chain,24.61,81.08,516
SKU-0086,independent,26.07,68.59,516
SKU-0087,total,20.47,6.08,516
SKU-0087,hospital,17.8,2.21,516
SKU-0087,chain,18.83,2.13,516
SKU-0087,independent,19.84,1.94,516
SKU-0088,total,42.12,15.01,516
SKU-0088,hospital,36.3,3.83,516
SKU-0088,chain,41.16,6.69,516
SKU-0088,independent,38.4,4.49,516
SKU-0089,total,23.92,10.48,516
SKU-0089,hospital,24.75,3.43,516
SKU-0089,chain,25.81,3.96,516
SKU-0089,independent,24.84,3.67,516
SKU-0090,total,29.97,262.03,516
SKU-0090,hospital,31.57,111.77,516
SKU-0090,chain,29.73,102.87,516
SKU-0090,independent,31.12,53.0,516
SKU-0091,total,29.13,543.84,516
SKU-0091,hospital,28.09,179.09,516
SKU-0091,chain,29.23,187.22,516
SKU-0091,independent,27.87,178.34,516
SKU-0092,total,32.5,16.46,516
SKU-0092,hospital,28.39,6.44,516
SKU-0092,chain,25.59,5.36,516
SKU-0092,independent,36.17,5.48,516
SKU-0093,total,32.04,3.27,516
SKU-0093,hospital,15.63,0.85,516
SKU-0093,chain,21.15,1.13,516
SKU-0093,independent,33.81,1.32,516
SKU-0094,total,42.84,4.24,516
SKU-0094,hospital,26.9,1.36,516
SKU-0094,chain,30.54,1.54,516
SKU-0094,independent,38.49,1.03,516
SKU-0095,total,17.89,293.8,516
SKU-0095,hospital,17.63,111.07,516
SKU-0095,chain,18.14,127.41,516
SKU-0095,independent,17.47,55.45,516
SKU-0096,total,29.95,15.25,516
SKU-0096,hospital,28.37,5.49,516
SKU-0096,chain,32.17,5.84,516
SKU-0096,independent,29.26,4.36,516
SKU-0097,total,32.92,3.51,516
SKU-0097,hospital,21.74,0.83,516
SKU-0097,chain,26.38,1.35,516
SKU-0097,independent,31.4,1.35,516
SKU-0098,total,23.5,14.17,516
SKU-0098,hospital,21.73,4.49,516
SKU-0098,chain,22.83,5.99,516
SKU-0098,independent,21.89,3.81,516
SKU-0099,total,24.53,13.3,516
SKU-0099,hospital,22.15,3.49,516
SKU-0099,chain,25.3,6.0,516
SKU-0099,independent,24.02,4.08,516
SKU-0100,total,28.49,11.24,516
SKU-0100,hospital,30.22,3.71,516
SKU-0100,chain,30.47,4.74,516
SKU-0100,independent,23.65,3.21,516
SKU-0101,total,23.36,19.83,516
SKU-0101,hospital,21.92,7.33,516
SKU-0101,chain,23.26,8.66,516
SKU-0101,independent,22.09,4.3,516
SKU-0102,total,28.72,14.96,516
SKU-0102,hospital,29.09,4.58,516
SKU-0102,chain,27.95,5.46,516
SKU-0102,independent,26.06,4.61,516
SKU-0103,total,33.12,72.5,516
SKU-0103,hospital,32.23,21.65,516
SKU-0103,chain,33.57,34.61,516
SKU-0103,independent,32.03,16.05,516
SKU-0104,total,25.2,13.3,516
SKU-0104,hospital,22.63,3.37,516
SKU-0104,chain,23.98,5.1,516
SKU-0104,independent,25.67,5.17,516
SKU-0105,total,36.15,13.4,516
SKU-0105,hospital,32.87,4.7,516
SKU-0105,chain,33.12,4.7,516
SKU-0105,independent,36.66,4.06,516
SKU-0106,total,44.09,20.68,516
SKU-0106,hospital,38.7,6.57,516
SKU-0106,chain,35.05,9.19,516
SKU-0106,independent,41.9,5.38,516
SKU-0107,total,34.26,63.42,516
SKU-0107,hospital,34.23,22.31,516
SKU-0107,chain,32.93,27.76,516
SKU-0107,independent,31.35,14.95,516
SKU-0108,total,19.37,4.85,516
SKU-0108,hospital,16.84,1.68,516
SKU-0108,chain,18.02,2.15,516
SKU-0108,independent,19.04,1.16,516
SKU-0109,total,24.13,16.35,516
SKU-0109,hospital,22.62,4.5,516
SKU-0109,chain,24.57,6.8,516
SKU-0109,independent,23.34,5.18,516
SKU-0110,total,35.54,6.06,516
SKU-0110,hospital,34.04,2.6,516
SKU-0110,chain,35.41,2.22,516
SKU-0110,independent,32.01,1.66,516
SKU-0111,total,33.23,17.22,516
SKU-0111,hospital,29.9,5.82,516
SKU-0111,chain,32.96,6.91,516
SKU-0111,independent,30.03,4.38,516
SKU-0112,total,23.87,498.4,516
SKU-0112,hospital,23.94,155.11,516
SKU-0112,chain,24.47,188.62,516
SKU-0112,independent,23.7,149.16,516
SKU-0113,total,40.76,20.33,516
SKU-0113,hospital,39.28,8.75,516
SKU-0113,chain,44.22,8.25,516
SKU-0113,independent,39.9,3.66,516
SKU-0114,total,38.06,2.23,516
SKU-0114,hospital,43.57,1.2,516
SKU-0114,chain,31.92,0.87,516
SKU-0114,independent,16.37,0.47,516
SKU-0115,total,44.36,21.45,516
SKU-0115,hospital,41.79,8.39,516
SKU-0115,chain,47.28,8.61,516
SKU-0115,independent,43.82,5.0,516
SKU-0116,total,34.16,12.09,516
SKU-0116,hospital,30.63,4.31,516
SKU-0116,chain,32.59,4.68,516
SKU-0116,independent,55.64,4.45,516
SKU-0117,total,32.39,191.83,516
SKU-0117,hospital,30.98,82.97,516
SKU-0117,chain,31.11,53.58,516
SKU-0117,independent,31.06,49.09,516
SKU-0118,total,27.31,4.14,516
SKU-0118,hospital,27.73,1.55,516
SKU-0118,chain,27.04,1.5,516
SKU-0118,independent,20.87,1.15,516
SKU-0119,total,28.98,10.6,516
SKU-0119,hospital,32.37,3.2,516
SKU-0119,chain,32.91,4.93,516
SKU-0119,independent,24.71,2.82,516
SKU-0120,total,16.62,198.61,516
SKU-0120,hospital,16.12,80.11,516
SKU-0120,chain,16.15,67.76,516
SKU-0120,independent,16.61,47.54,516
SKU-0121,total,40.67,1.64,516
SKU-0121,hospital,5.79,0.27,516
SKU-0121,chain,21.56,0.61,516
SKU-0121,independent,64.77,0.86,516
SKU-0122,total,36.44,65.23,516
SKU-0122,hospital,35.97,17.19,516
SKU-0122,chain,37.32,31.66,516
SKU-0122,independent,36.72,15.49,516
SKU-0123,total,26.36,135.67,516
SKU-0123,hospital,26.39,51.8,516
SKU-0123,chain,27.84,51.72,516
SKU-0123,independent,30.02,28.45,516
SKU-0124,total,23.93,3.69,516
SKU-0124,hospital,20.87,1.79,516
SKU-0124,chain,25.84,1.52,516
SKU-0124,independent,22.76,0.87,516
SKU-0125,total,41.45,12.21,516
SKU-0125,hospital,34.87,3.28,516
SKU-0125,chain,45.11,5.35,516
SKU-0125,independent,41.35,4.1,516
SKU-0126,total,47.77,11.51,516
SKU-0126,hospital,43.59,4.13,516
SKU-0126,chain,50.7,5.43,516
SKU-0126,independent,34.68,2.45,516
SKU-0127,total,31.11,11.43,516
SKU-0127,hospital,27.14,4.83,516
SKU-0127,chain,30.45,4.05,516
SKU-0127,independent,31.48,2.85,516
SKU-0128,total,14.39,219.08,516
SKU-0128,hospital,14.63,78.02,516
SKU-0128,chain,14.45,71.68,516
SKU-0128,independent,14.03,67.96,516
SKU-0129,total,28.63,68.44,516
SKU-0129,hospital,29.97,20.99,516
SKU-0129,chain,28.17,31.41,516
SKU-0129,independent,27.93,17.48,516
SKU-0130,total,41.73,25.99,516
SKU-0130,hospital,44.78,8.39,516
SKU-0130,chain,33.46,8.67,516
SKU-0130,independent,45.2,8.99,516
SKU-0131,total,19.74,8.79,516
SKU-0131,hospital,19.74,3.88,516
SKU-0131,chain,17.87,2.61,516
SKU-0131,independent,19.2,2.41,516
SKU-0132,total,21.26,9.25,516
SKU-0132,hospital,20.84,4.13,516
SKU-0132,chain,20.48,3.14,516
SKU-0132,independent,21.58,1.99,516
SKU-0133,total,39.32,135.65,516
SKU-0133,hospital,38.04,47.39,516
SKU-0133,chain,37.47,55.97,516
SKU-0133,independent,36.21,33.36,516
SKU-0134,total,39.74,1.97,516
SKU-0134,hospital,22.62,0.56,516
SKU-0134,chain,28.86,0.83,516
SKU-0134,independent,12.39,0.38,516
SKU-0135,total,28.49,22.16,516
SKU-0135,hospital,27.33,9.64,516
SKU-0135,chain,27.64,7.67,516
SKU-0135,independent,27.19,4.42,516
SKU-0136,total,24.47,25.73,516
SKU-0136,hospital,24.6,10.26,516
SKU-0136,chain,23.78,9.46,516
SKU-0136,independent,24.01,5.41,516
SKU-0137,total,41.44,6.01,516
SKU-0137,hospital,30.77,2.13,516
SKU-0137,chain,30.16,1.88,516
SKU-0137,independent,43.51,1.95,516
SKU-0138,total,18.78,2.52,516
SKU-0138,hospital,21.26,1.26,516
SKU-0138,chain,19.78,0.86,516
SKU-0138,independent,18.13,0.83,516
SKU-0139,total,61.34,26.07,516
SKU-0139,hospital,55.11,8.36,516
SKU-0139,chain,58.59,10.19,516
SKU-0139,independent,49.97,6.17,516
SKU-0140,total,19.21,6.69,516
SKU-0140,hospital,18.45,2.86,516
SKU-0140,chain,21.07,1.94,516
SKU-0140,independent,18.45,1.93,516
SKU-0141,total,37.14,2.03,516
SKU-0141,hospital,32.34,0.89,516
SKU-0141,chain,30.77,0.85,516
SKU-0141,independent,14.08,0.4,516
SKU-0142,total,29.0,15.6,516
SKU-0142,hospital,26.62,5.93,516
SKU-0142,chain,23.99,5.64,516
SKU-0142,independent,26.99,4.46,516
SKU-0143,total,47.69,181.86,516
SKU-0143,hospital,46.24,55.24,516
SKU-0143,chain,43.82,72.77,516
SKU-0143,independent,50.01,59.63,516
SKU-0144,total,23.61,15.39,516
SKU-0144,hospital,20.8,4.51,516
SKU-0144,chain,24.79,6.06,516
SKU-0144,independent,24.4,5.5,516
SKU-0145,total,46.85,14.12,516
SKU-0145,hospital,48.34,4.87,516
SKU-0145,chain,39.81,4.82,516
SKU-0145,independent,44.95,4.66,516
SKU-0146,total,23.07,6.85,516
SKU-0146,hospital,18.56,1.71,516
SKU-0146,chain,19.07,2.62,516
SKU-0146,independent,22.37,2.64,516
SKU-0147,total,28.52,10.81,516
SKU-0147,hospital,25.72,4.94,516
SKU-0147,chain,27.34,4.16,516
SKU-0147,independent,26.97,1.97,516
SKU-0148,total,20.12,89.91,516
SKU-0148,hospital,20.02,25.57,516
SKU-0148,chain,20.18,36.43,516
SKU-0148,independent,20.05,28.51,516
SKU-0149,total,28.61,4.55,516
SKU-0149,hospital,28.87,2.03,516
SKU-0149,chain,27.27,1.58,516
SKU-0149,independent,24.92,1.14,516
SKU-0150,total,20.92,92.83,516
SKU-0150,hospital,20.87,25.36,516
SKU-0150,chain,21.43,46.6,516
SKU-0150,independent,20.19,19.95,516
SKU-0151,total,30.0,17.21,516
SKU-0151,hospital,27.8,5.19,516
SKU-0151,chain,33.2,8.7,516
SKU-0151,independent,27.75,3.92,516
SKU-0152,total,24.89,7.66,516
SKU-0152,hospital,22.71,2.13,516
SKU-0152,chain,23.99,3.45,516
SKU-0152,independent,22.3,2.36,516
SKU-0153,total,30.11,231.56,516
SKU-0153,hospital,31.46,76.0,516
SKU-0153,chain,31.12,83.76,516
SKU-0153,independent,30.19,74.77,516
SKU-0154,total,19.53,14.48,516
SKU-0154,hospital,18.61,4.49,516
SKU-0154,chain,19.38,6.68,516
SKU-0154,independent,21.05,3.54,516
SKU-0155,total,49.74,21.39,516
SKU-0155,hospital,46.1,7.68,516
SKU-0155,chain,43.84,6.93,516
SKU-0155,independent,43.6,6.47,516
SKU-0156,total,28.19,23.72,516
SKU-0156,hospital,27.91,9.12,516
SKU-0156,chain,27.14,9.21,516
SKU-0156,independent,24.95,5.66,516
SKU-0157,total,34.24,2.06,516
SKU-0157,hospital,23.63,0.79,516
SKU-0157,chain,19.43,0.62,516
SKU-0157,independent,43.25,0.77,516
SKU-0158,total,18.32,222.86,516
SKU-0158,hospital,18.05,71.48,516
SKU-0158,chain,18.56,89.44,516
SKU-0158,independent,17.96,61.89,516
SKU-0159,total,33.1,14.73,516
SKU-0159,hospital,31.41,4.47,516
SKU-0159,chain,31.9,5.38,516
SKU-0159,independent,29.15,5.07,516
SKU-0160,total,32.44,18.05,516
SKU-0160,hospital,29.8,6.36,516
SKU-0160,chain,32.24,7.5,516
SKU-0160,independent,33.04,4.22,516
SKU-0161,total,24.41,10.29,516
SKU-0161,hospital,28.29,4.88,516
SKU-0161,chain,22.84,3.25,516
SKU-0161,independent,23.06,2.54,516
SKU-0162,total,36.03,12.53,516
SKU-0162,hospital,35.15,4.31,516
SKU-0162,chain,40.67,4.73,516
SKU-0162,independent,29.64,4.01,516
SKU-0163,total,33.45,12.17,516
SKU-0163,hospital,29.98,4.33,516
SKU-0163,chain,29.07,4.55,516
SKU-0163,independent,29.58,3.02,516
SKU-0164,total,35.4,22.69,516
SKU-0164,hospital,37.47,9.25,516
SKU-0164,chain,33.38,6.94,516
SKU-0164,independent,36.38,6.68,516
SKU-0165,total,24.76,10.44,516
SKU-0165,hospital,26.44,4.25,516
SKU-0165,chain,24.36,3.58,516
SKU-0165,independent,28.71,3.05,516
SKU-0166,total,22.95,4.68,516
SKU-0166,hospital,18.26,1.7,516
SKU-0166,chain,16.77,1.5,516
SKU-0166,independent,21.41,1.6,516
SKU-0167,total,33.54,15.9,516
SKU-0167,hospital,32.11,6.37,516
SKU-0167,chain,33.91,5.65,516
SKU-0167,independent,26.22,3.82,516
SKU-0168,total,35.79,87.45,516
SKU-0168,hospital,35.26,33.42,516
SKU-0168,chain,35.21,28.03,516
SKU-0168,independent,35.33,24.12,516
SKU-0169,total,31.4,16.58,516
SKU-0169,hospital,26.51,7.4,516
SKU-0169,chain,25.5,6.3,516
SKU-0169,independent,26.63,3.13,516
SKU-0170,total,52.55,10.22,516
SKU-0170,hospital,54.71,3.35,516
SKU-0170,chain,55.23,4.36,516
SKU-0170,independent,40.75,3.04,516
SKU-0171,total,25.27,7.99,516
SKU-0171,hospital,22.72,2.39,516
SKU-0171,chain,21.3,3.04,516
SKU-0171,independent,21.72,2.14,516
SKU-0172,total,38.83,8.37,516
SKU-0172,hospital,33.64,2.45,516
SKU-0172,chain,37.12,4.07,516
SKU-0172,independent,30.23,1.82,516
SKU-0173,total,29.0,13.51,516
SKU-0173,hospital,31.41,6.11,516
SKU-0173,chain,26.39,4.32,516
SKU-0173,independent,27.47,3.27,516
SKU-0174,total,22.15,3.11,516
SKU-0174,hospital,24.07,1.3,516
SKU-0174,chain,17.54,0.91,516
SKU-0174,independent,27.27,1.28,516
SKU-0175,total,37.64,3.6,516
SKU-0175,hospital,24.39,1.03,516
SKU-0175,chain,22.98,1.38,516
SKU-0175,independent,45.95,1.28,516
SKU-0176,total,38.93,19.06,516
SKU-0176,hospital,45.09,7.14,516
SKU-0176,chain,48.83,7.8,516
SKU-0176,independent,33.77,5.87,516
SKU-0177,total,36.08,87.98,516
SKU-0177,hospital,34.8,26.84,516
SKU-0177,chain,36.47,36.72,516
SKU-0177,independent,37.49,23.63,516
SKU-0178,total,29.58,11.11,516
SKU-0178,hospital,32.01,3.62,516
SKU-0178,chain,25.44,4.06,516
SKU-0178,independent,28.85,3.67,516
SKU-0179,total,46.43,6.8,516
SKU-0179,hospital,45.27,2.76,516
SKU-0179,chain,47.21,2.5,516
SKU-0179,independent,44.2,2.28,516
SKU-0180,total,26.56,5.02,516
SKU-0180,hospital,18.92,1.22,516
SKU-0180,chain,24.26,2.37,516
SKU-0180,independent,23.42,1.42,516
SKU-0181,total,19.68,8.92,516
SKU-0181,hospital,18.81,3.15,516
SKU-0181,chain,18.95,2.94,516
SKU-0181,independent,19.24,2.73,516
SKU-0182,total,31.72,11.77,516
SKU-0182,hospital,30.44,4.85,516
SKU-0182,chain,29.68,4.72,516
SKU-0182,independent,30.95,2.58,516
SKU-0183,total,25.84,124.97,516
SKU-0183,hospital,26.0,55.57,516
SKU-0183,chain,25.81,45.07,516
SKU-0183,independent,25.58,26.74,516
SKU-0184,total,36.94,1.71,516
SKU-0184,hospital,30.5,0.81,516
SKU-0184,chain,15.09,0.46,516
SKU-0184,independent,44.22,0.66,516
SKU-0185,total,46.48,12.67,516
SKU-0185,hospital,55.52,4.33,516
SKU-0185,chain,50.67,5.34,516
SKU-0185,independent,38.63,4.2,516
SKU-0186,total,23.85,7.36,516
SKU-0186,hospital,27.18,3.02,516
SKU-0186,chain,20.2,3.06,516
SKU-0186,independent,22.01,1.48,516
SKU-0187,total,40.56,1.43,516
SKU-0187,hospital,20.89,0.48,516
SKU-0187,chain,23.89,0.52,516
SKU-0187,independent,46.12,0.6,516
SKU-0188,total,34.27,18.83,516
SKU-0188,hospital,28.55,4.91,516
SKU-0188,chain,33.43,9.1,516
SKU-0188,independent,35.3,5.3,516
SKU-0189,total,31.41,19.82,516
SKU-0189,hospital,32.28,6.87,516
SKU-0189,chain,32.48,7.13,516
SKU-0189,independent,31.8,6.54,516
SKU-0190,total,40.79,18.99,516
SKU-0190,hospital,35.87,5.69,516
SKU-0190,chain,35.28,6.96,516
SKU-0190,independent,43.17,7.13,516
SKU-0191,total,32.57,27.41,516
SKU-0191,hospital,30.82,10.21,516
SKU-0191,chain,34.58,9.52,516
SKU-0191,independent,38.87,7.05,516
SKU-0192,total,36.63,8.72,516
SKU-0192,hospital,33.07,2.55,516
SKU-0192,chain,36.15,4.21,516
SKU-0192,independent,43.6,2.48,516
SKU-0193,total,21.53,14.17,516
SKU-0193,hospital,20.6,4.02,516
SKU-0193,chain,19.38,5.76,516
SKU-0193,independent,20.05,4.39,516
SKU-0194,total,30.89,5.16,516
SKU-0194,hospital,26.98,1.69,516
SKU-0194,chain,25.21,2.18,516
SKU-0194,independent,30.85,1.24,516
SKU-0195,total,34.3,14.28,516
SKU-0195,hospital,34.72,4.23,516
SKU-0195,chain,30.51,5.97,516
SKU-0195,independent,41.89,4.96,516
SKU-0196,total,27.84,6.58,516
SKU-0196,hospital,28.05,2.52,516
SKU-0196,chain,27.06,2.87,516
SKU-0196,independent,20.05,1.65,516
SKU-0197,total,30.24,7.56,516
SKU-0197,hospital,28.73,2.36,516
SKU-0197,chain,29.46,3.67,516
SKU-0197,independent,26.72,1.7,516
SKU-0198,total,22.01,9.24,516
SKU-0198,hospital,23.44,3.51,516
SKU-0198,chain,24.44,3.6,516
SKU-0198,independent,18.28,2.32,516
SKU-0199,total,17.96,17.61,516
SKU-0199,hospital,17.24,6.78,516
SKU-0199,chain,18.11,6.67,516
SKU-0199,independent,17.15,3.79,516
SKU-0200,total,46.93,23.04,516
SKU-0200,hospital,42.21,6.94,516
SKU-0200,chain,40.96,8.08,516
SKU-0200,independent,38.62,7.73,516
SKU-0201,total,19.0,6.94,516
SKU-0201,hospital,17.18,2.16,516
SKU-0201,chain,16.94,3.31,516
SKU-0201,independent,20.43,1.81,516
SKU-0202,total,26.18,8.0,516
SKU-0202,hospital,28.91,2.93,516
SKU-0202,chain,24.53,2.99,516
SKU-0202,independent,19.76,2.12,516
SKU-0203,total,28.71,14.73,516
SKU-0203,hospital,29.05,6.47,516
SKU-0203,chain,27.22,4.85,516
SKU-0203,independent,27.51,3.48,516
SKU-0204,total,20.48,16.39,516
SKU-0204,hospital,20.7,6.34,516
SKU-0204,chain,20.5,6.28,516
SKU-0204,independent,19.16,3.78,516
SKU-0205,total,26.95,6.66,516
SKU-0205,hospital,24.39,2.96,516
SKU-0205,chain,22.72,2.45,516
SKU-0205,independent,32.79,1.76,516
SKU-0206,total,49.86,17.74,516
SKU-0206,hospital,51.71,8.36,516
SKU-0206,chain,47.17,5.56,516
SKU-0206,independent,39.96,4.03,516
SKU-0207,total,23.19,151.08,516
SKU-0207,hospital,21.85,38.79,516
SKU-0207,chain,22.28,68.83,516
SKU-0207,independent,22.35,41.91,516
SKU-0208,total,31.04,9.5,516
SKU-0208,hospital,28.7,3.8,516
SKU-0208,chain,29.26,3.74,516
SKU-0208,independent,32.85,2.06,516
SKU-0209,total,27.13,15.01,516
SKU-0209,hospital,25.72,4.79,516
SKU-0209,chain,26.34,7.17,516
SKU-0209,independent,30.32,3.3,516
SKU-0210,total,27.34,214.2,516
SKU-0210,hospital,27.7,74.86,516
SKU-0210,chain,27.26,94.9,516
SKU-0210,independent,27.23,47.08,516
SKU-0211,total,21.03,13.52,516
SKU-0211,hospital,21.74,5.49,516
SKU-0211,chain,21.31,5.89,516
SKU-0211,independent,20.81,2.67,516
SKU-0212,total,18.97,17.29,516
SKU-0212,hospital,20.34,6.83,516
SKU-0212,chain,18.88,7.29,516
SKU-0212,independent,19.07,3.17,516
SKU-0213,total,56.43,347.98,516
SKU-0213,hospital,58.62,133.12,516
SKU-0213,chain,54.72,148.5,516
SKU-0213,independent,54.1,68.31,516
SKU-0214,total,58.84,21.83,516
SKU-0214,hospital,61.23,8.1,516
SKU-0214,chain,52.54,8.76,516
SKU-0214,independent,69.58,6.3,516
SKU-0215,total,27.21,13.67,516
SKU-0215,hospital,24.45,5.14,516
SKU-0215,chain,28.21,5.58,516
SKU-0215,independent,26.58,3.12,516
SKU-0216,total,42.4,10.33,516
SKU-0216,hospital,35.21,3.83,516
SKU-0216,chain,41.86,3.91,516
SKU-0216,independent,29.41,2.24,516
SKU-0217,total,66.6,16.64,516
SKU-0217,hospital,62.97,7.28,516
SKU-0217,chain,67.67,5.31,516
SKU-0217,independent,64.78,4.89,516
SKU-0218,total,32.27,7.66,516
SKU-0218,hospital,30.44,2.38,516
SKU-0218,chain,27.13,2.75,516
SKU-0218,independent,33.67,2.79,516
SKU-0219,total,15.6,309.91,516
SKU-0219,hospital,15.43,114.51,516
SKU-0219,chain,15.63,129.28,516
SKU-0219,independent,15.01,63.4,516
SKU-0220,total,45.48,16.27,516
SKU-0220,hospital,45.69,5.3,516
SKU-0220,chain,42.18,6.41,516
SKU-0220,independent,43.17,4.75,516
SKU-0221,total,51.24,3.42,516
SKU-0221,hospital,27.24,0.82,516
SKU-0221,chain,25.13,1.05,516
SKU-0221,independent,38.54,1.2,516
SKU-0222,total,61.32,4.19,516
SKU-0222,hospital,59.2,1.48,516
SKU-0222,chain,50.68,2.0,516
SKU-0222,independent,35.4,1.06,516
SKU-0223,total,14.2,74.63,516
SKU-0223,hospital,14.87,33.02,516
SKU-0223,chain,14.17,23.38,516
SKU-0223,independent,14.65,21.21,516
SKU-0224,total,35.88,19.37,516
SKU-0224,hospital,34.29,8.36,516
SKU-0224,chain,32.11,6.73,516
SKU-0224,independent,29.63,3.75,516
SKU-0225,total,35.77,13.05,516
SKU-0225,hospital,31.45,3.78,516
SKU-0225,chain,31.21,6.15,516
SKU-0225,independent,29.88,2.98,516
SKU-0226,total,18.57,14.45,516
SKU-0226,hospital,18.02,4.58,516
SKU-0226,chain,16.94,5.46,516
SKU-0226,independent,16.89,4.98,516
SKU-0227,total,34.12,18.26,516
SKU-0227,hospital,35.84,5.67,516
SKU-0227,chain,34.06,7.2,516
SKU-0227,independent,34.91,5.67,516
SKU-0228,total,41.52,54.21,516
SKU-0228,hospital,40.49,22.36,516
SKU-0228,chain,40.46,16.55,516
SKU-0228,independent,39.89,15.54,516
SKU-0229,total,58.1,4.35,516
SKU-0229,hospital,32.38,1.15,516
SKU-0229,chain,51.72,1.97,516
SKU-0229,independent,39.23,1.06,516
SKU-0230,total,28.39,24.15,516
SKU-0230,hospital,26.51,7.78,516
SKU-0230,chain,25.87,9.36,516
SKU-0230,independent,25.59,6.72,516
SKU-0231,total,15.95,2.5,516
SKU-0231,hospital,16.9,1.05,516
SKU-0231,chain,18.13,1.12,516
SKU-0231,independent,15.06,0.68,516
SKU-0232,total,37.5,174.56,516
SKU-0232,hospital,36.03,55.7,516
SKU-0232,chain,37.17,68.22,516
SKU-0232,independent,37.21,48.92,516
SKU-0233,total,33.57,8.26,516
SKU-0233,hospital,29.88,2.65,516
SKU-0233,chain,33.68,3.24,516
SKU-0233,independent,33.04,2.76,516
SKU-0234,total,45.67,21.87,516
SKU-0234,hospital,48.55,8.31,516
SKU-0234,chain,42.54,8.08,516
SKU-0234,independent,50.32,6.55,516
SKU-0235,total,79.8,3.07,516
SKU-0235,hospital,42.84,1.02,516
SKU-0235,chain,33.96,0.82,516
SKU-0235,independent,76.51,1.04,516
SKU-0236,total,30.92,12.69,516
SKU-0236,hospital,29.08,4.69,516
SKU-0236,chain,31.49,5.5,516
SKU-0236,independent,29.48,2.84,516
SKU-0237,total,25.51,6.44,516
SKU-0237,hospital,27.39,2.63,516
SKU-0237,chain,24.45,2.54,516
SKU-0237,independent,23.38,1.42,516
SKU-0238,total,13.8,159.93,516
SKU-0238,hospital,14.15,61.51,516
SKU-0238,chain,14.25,54.33,516
SKU-0238,independent,14.57,50.37,516
SKU-0239,total,19.37,5.63,516
SKU-0239,hospital,20.15,2.14,516
SKU-0239,chain,19.66,2.54,516
SKU-0239,independent,22.04,1.22,516
SKU-0240,total,20.18,2.77,516
SKU-0240,hospital,15.91,1.13,516
SKU-0240,chain,20.53,1.02,516
SKU-0240,independent,24.39,0.94,516
SKU-0241,total,51.44,47.74,516
SKU-0241,hospital,51.9,19.54,516
SKU-0241,chain,47.98,14.73,516
SKU-0241,independent,50.66,14.29,516
SKU-0242,total,76.03,114.48,516
SKU-0242,hospital,83.32,35.8,516
SKU-0242,chain,75.42,52.74,516
SKU-0242,independent,72.74,27.95,516
SKU-0243,total,39.62,20.82,516
SKU-0243,hospital,32.7,5.19,516
SKU-0243,chain,35.04,8.11,516
SKU-0243,independent,39.25,7.45,516
SKU-0244,total,28.73,2.99,516
SKU-0244,hospital,27.23,1.15,516
SKU-0244,chain,24.9,1.04,516
SKU-0244,independent,29.33,1.09,516
SKU-0245,total,38.43,13.22,516
SKU-0245,hospital,35.3,6.04,516
SKU-0245,chain,44.14,4.24,516
SKU-0245,independent,42.53,4.15,516
SKU-0246,total,27.12,13.73,516
SKU-0246,hospital,26.64,4.82,516
SKU-0246,chain,26.63,6.11,516
SKU-0246,independent,26.52,2.83,516
SKU-0247,total,51.24,24.48,516
SKU-0247,hospital,45.2,10.3,516
SKU-0247,chain,45.72,7.71,516
SKU-0247,independent,57.04,6.87,516
SKU-0248,total,28.34,83.84,516
SKU-0248,hospital,27.41,26.13,516
SKU-0248,chain,28.63,31.78,516
SKU-0248,independent,27.56,24.89,516
SKU-0249,total,33.14,174.51,516
SKU-0249,hospital,34.48,69.74,516
SKU-0249,chain,34.31,57.15,516
SKU-0249,independent,34.63,49.54,516
SKU-0250,total,17.27,10.94,516
SKU-0250,hospital,17.17,3.29,516
SKU-0250,chain,17.2,4.02,516
SKU-0250,independent,16.46,3.65,516
SKU-0251,total,31.24,27.6,516
SKU-0251,hospital,28.21,8.45,516
SKU-0251,chain,28.82,10.69,516
SKU-0251,independent,31.22,8.74,516
SKU-0252,total,41.89,26.03,516
SKU-0252,hospital,39.43,7.92,516
SKU-0252,chain,41.24,9.64,516
SKU-0252,independent,44.41,8.41,516
SKU-0253,total,43.27,10.13,516
SKU-0253,hospital,37.06,4.34,516
SKU-0253,chain,35.83,3.5,516
SKU-0253,independent,33.13,2.4,516
SKU-0254,total,16.12,3.5,516
SKU-0254,hospital,13.29,1.15,516
SKU-0254,chain,13.71,1.37,516
SKU-0254,independent,16.65,1.09,516
SKU-0255,total,80.17,317.76,516
SKU-0255,hospital,94.23,104.09,516
SKU-0255,chain,85.6,114.73,516
SKU-0255,independent,91.7,112.71,516
SKU-0256,total,31.24,19.51,516
SKU-0256,hospital,28.32,7.3,516
SKU-0256,chain,28.18,9.04,516
SKU-0256,independent,35.05,4.13,516
SKU-0257,total,39.05,45.1,516
SKU-0257,hospital,38.86,20.31,516
SKU-0257,chain,36.85,12.8,516
SKU-0257,independent,41.27,12.58,516
SKU-0258,total,33.46,18.9,516
SKU-0258,hospital,34.09,6.95,516
SKU-0258,chain,35.0,6.75,516
SKU-0258,independent,36.11,5.9,516
SKU-0259,total,26.8,4.28,516
SKU-0259,hospital,23.93,1.24,516
SKU-0259,chain,30.87,2.07,516
SKU-0259,independent,21.35,1.22,516
SKU-0260,total,32.39,5.56,516
SKU-0260,hospital,32.36,1.55,516
SKU-0260,chain,30.98,1.89,516
SKU-0260,independent,31.8,2.1,516
SKU-0261,total,32.6,15.6,516
SKU-0261,hospital,29.27,6.51,516
SKU-0261,chain,29.16,5.81,516
SKU-0261,independent,27.51,3.6,516
SKU-0262,total,39.13,113.32,516
SKU-0262,hospital,38.65,29.1,516
SKU-0262,chain,38.74,48.19,516
SKU-0262,independent,38.2,37.52,516
SKU-0263,total,48.51,26.5,516
SKU-0263,hospital,49.29,11.36,516
SKU-0263,chain,49.46,10.48,516
SKU-0263,independent,43.55,5.18,516
SKU-0264,total,91.99,164.53,516
SKU-0264,hospital,87.44,42.46,516
SKU-0264,chain,85.58,64.88,516
SKU-0264,independent,93.03,58.62,516
SKU-0265,total,23.4,11.41,516
SKU-0265,hospital,24.32,4.22,516
SKU-0265,chain,23.6,3.87,516
SKU-0265,independent,20.61,3.45,516
SKU-0266,total,27.32,14.38,516
SKU-0266,hospital,23.71,5.58,516
SKU-0266,chain,21.57,5.33,516
SKU-0266,independent,24.83,2.72,516
SKU-0267,total,30.78,6.18,516
SKU-0267,hospital,36.7,2.77,516
SKU-0267,chain,25.42,2.46,516
SKU-0267,independent,22.75,1.05,516
SKU-0268,total,27.1,13.07,516
SKU-0268,hospital,27.12,3.55,516
SKU-0268,chain,28.56,6.14,516
SKU-0268,independent,25.65,3.45,516
SKU-0269,total,44.72,11.09,516
SKU-0269,hospital,41.47,3.59,516
SKU-0269,chain,44.41,4.35,516
SKU-0269,independent,38.34,3.36,516
SKU-0270,total,46.94,27.67,516
SKU-0270,hospital,47.42,9.0,516
SKU-0270,chain,43.8,9.76,516
SKU-0270,independent,43.21,8.96,516
SKU-0271,total,35.85,19.36,516
SKU-0271,hospital,34.47,6.85,516
SKU-0271,chain,34.37,6.59,516
SKU-0271,independent,34.79,5.76,516
SKU-0272,total,20.45,13.78,516
SKU-0272,hospital,18.6,3.55,516
SKU-0272,chain,19.91,6.93,516
SKU-0272,independent,19.24,3.29,516
SKU-0273,total,55.63,328.7,516
SKU-0273,hospital,52.27,87.72,516
SKU-0273,chain,58.56,132.3,516
SKU-0273,independent,51.74,108.0,516
SKU-0274,total,38.49,204.56,516
SKU-0274,hospital,39.32,74.35,516
SKU-0274,chain,39.2,73.09,516
SKU-0274,independent,39.47,56.57,516
SKU-0275,total,27.65,23.22,516
SKU-0275,hospital,27.7,7.79,516
SKU-0275,chain,30.32,8.84,516
SKU-0275,independent,25.83,6.38,516
SKU-0276,total,29.64,16.52,516
SKU-0276,hospital,27.4,6.33,516
SKU-0276,chain,26.92,5.48,516
SKU-0276,independent,27.95,4.76,516
SKU-0277,total,28.97,110.48,516
SKU-0277,hospital,28.0,31.28,516
SKU-0277,chain,29.08,52.39,516
SKU-0277,independent,27.96,27.14,516
SKU-0278,total,66.83,390.17,516
SKU-0278,hospital,65.98,113.59,516
SKU-0278,chain,66.05,162.62,516
SKU-0278,independent,60.87,114.21,516
SKU-0279,total,27.07,16.37,516
SKU-0279,hospital,24.22,7.35,516
SKU-0279,chain,25.96,4.91,516
SKU-0279,independent,26.26,4.15,516
SKU-0280,total,37.05,20.21,516
SKU-0280,hospital,30.79,5.2,516
SKU-0280,chain,37.76,9.07,516
SKU-0280,independent,37.0,6.55,516
SKU-0281,total,38.96,19.0,516
SKU-0281,hospital,37.59,6.07,516
SKU-0281,chain,34.36,8.1,516
SKU-0281,independent,43.74,5.12,516
SKU-0282,total,35.54,11.5,516
SKU-0282,hospital,29.23,4.53,516
SKU-0282,chain,29.23,4.53,516
SKU-0282,independent,52.48,2.86,516
SKU-0283,total,19.48,17.59,516
SKU-0283,hospital,19.31,5.25,516
SKU-0283,chain,20.44,7.81,516
SKU-0283,independent,19.47,4.53,516
SKU-0284,total,22.28,103.42,516
SKU-0284,hospital,22.08,32.86,516
SKU-0284,chain,22.04,43.12,516
SKU-0284,independent,22.66,27.59,516
SKU-0285,total,26.18,2.18,516
SKU-0285,hospital,18.99,0.66,516
SKU-0285,chain,26.21,0.92,516
SKU-0285,independent,25.64,0.9,516
SKU-0286,total,32.72,14.22,516
SKU-0286,hospital,32.93,4.84,516
SKU-0286,chain,31.02,5.6,516
SKU-0286,independent,28.72,4.48,516
SKU-0287,total,16.82,3.83,516
SKU-0287,hospital,18.12,1.08,516
SKU-0287,chain,18.37,1.7,516
SKU-0287,independent,14.47,1.23,516
SKU-0288,total,18.57,9.0,516
SKU-0288,hospital,18.4,3.93,516
SKU-0288,chain,16.39,2.8,516
SKU-0288,independent,17.17,2.46,516
SKU-0289,total,28.1,18.06,516
SKU-0289,hospital,25.93,7.07,516
SKU-0289,chain,28.63,6.68,516
SKU-0289,independent,23.47,4.6,516
SKU-0290,total,24.68,5.0,516
SKU-0290,hospital,25.11,1.91,516
SKU-0290,chain,26.1,1.99,516
SKU-0290,independent,18.57,1.46,516
SKU-0291,total,24.18,15.25,516
SKU-0291,hospital,22.98,3.97,516
SKU-0291,chain,23.56,5.77,516
SKU-0291,independent,22.19,5.52,516
SKU-0292,total,19.83,2.42,516
SKU-0292,hospital,20.6,1.1,516
SKU-0292,chain,24.88,1.22,516
SKU-0292,independent,17.7,0.56,516
SKU-0293,total,40.42,4.05,516
SKU-0293,hospital,27.83,1.75,516
SKU-0293,chain,27.52,1.19,516
SKU-0293,independent,68.76,1.83,516
SKU-0294,total,47.8,6.6,516
SKU-0294,hospital,50.62,2.22,516
SKU-0294,chain,45.69,2.85,516
SKU-0294,independent,42.85,2.27,516
SKU-0295,total,23.29,3.56,516
SKU-0295,hospital,26.28,1.31,516
SKU-0295,chain,25.76,1.74,516
SKU-0295,independent,21.38,0.78,516
SKU-0296,total,28.49,23.08,516
SKU-0296,hospital,27.03,8.75,516
SKU-0296,chain,26.98,8.85,516
SKU-0296,independent,29.95,5.75,516
SKU-0297,total,27.53,2.5,516
SKU-0297,hospital,28.08,1.21,516
SKU-0297,chain,17.89,0.78,516
SKU-0297,independent,24.05,0.64,516
SKU-0298,total,40.21,168.9,516
SKU-0298,hospital,41.89,62.42,516
SKU-0298,chain,40.41,56.86,516
SKU-0298,independent,40.87,49.32,516
SKU-0299,total,55.49,351.39,516
SKU-0299,hospital,55.92,151.51,516
SKU-0299,chain,56.82,129.49,516
SKU-0299,independent,53.4,72.83,516
SKU-0300,total,18.82,14.09,516
SKU-0300,hospital,19.89,5.06,516
SKU-0300,chain,18.1,5.6,516
SKU-0300,independent,17.38,3.63,516
SKU-0301,total,20.72,114.22,516
SKU-0301,hospital,19.96,30.45,516
SKU-0301,chain,20.42,42.41,516
SKU-0301,independent,21.06,40.73,516
SKU-0302,total,21.96,5.64,516
SKU-0302,hospital,17.82,1.85,516
SKU-0302,chain,21.72,2.69,516
SKU-0302,independent,22.95,1.48,516
SKU-0303,total,26.81,2.86,516
SKU-0303,hospital,15.2,0.67,516
SKU-0303,chain,19.12,1.28,516
SKU-0303,independent,31.17,0.96,516
SKU-0304,total,35.92,15.78,516
SKU-0304,hospital,32.23,4.15,516
SKU-0304,chain,35.34,7.03,516
SKU-0304,independent,29.94,4.54,516
SKU-0305,total,36.72,3.73,516
SKU-0305,hospital,23.48,1.49,516
SKU-0305,chain,21.52,1.08,516
SKU-0305,independent,44.27,1.27,516
SKU-0306,total,32.93,4.71,516
SKU-0306,hospital,28.57,1.33,516
SKU-0306,chain,27.13,2.3,516
SKU-0306,independent,27.49,1.16,516
SKU-0307,total,38.75,15.34,516
SKU-0307,hospital,34.8,4.21,516
SKU-0307,chain,38.91,7.93,516
SKU-0307,independent,32.11,3.5,516
SKU-0308,total,46.72,59.96,516
SKU-0308,hospital,46.12,20.78,516
SKU-0308,chain,44.56,21.81,516
SKU-0308,independent,45.62,19.31,516
SKU-0309,total,33.93,16.39,516
SKU-0309,hospital,31.51,7.06,516
SKU-0309,chain,31.8,6.68,516
SKU-0309,independent,35.81,3.02,516
SKU-0310,total,35.16,10.39,516
SKU-0310,hospital,34.74,4.08,516
SKU-0310,chain,32.39,3.64,516
SKU-0310,independent,29.45,2.96,516
SKU-0311,total,15.6,12.65,516
SKU-0311,hospital,14.87,4.77,516
SKU-0311,chain,14.74,4.84,516
SKU-0311,independent,14.52,2.82,516
SKU-0312,total,34.65,6.38,516
SKU-0312,hospital,44.44,2.79,516
SKU-0312,chain,25.48,2.52,516
SKU-0312,independent,31.44,1.57,516
SKU-0313,total,23.77,3.25,516
SKU-0313,hospital,28.01,1.08,516
SKU-0313,chain,20.33,1.51,516
SKU-0313,independent,25.7,1.05,516
SKU-0314,total,18.85,4.16,516
SKU-0314,hospital,19.28,1.4,516
SKU-0314,chain,18.93,1.77,516
SKU-0314,independent,21.31,1.22,516
SKU-0315,total,33.08,2.83,516
SKU-0315,hospital,28.78,1.2,516
SKU-0315,chain,28.49,1.13,516
SKU-0315,independent,26.66,0.75,516
SKU-0316,total,23.9,7.58,516
SKU-0316,hospital,27.94,3.51,516
SKU-0316,chain,22.34,2.65,516
SKU-0316,independent,26.23,1.92,516
SKU-0317,total,24.9,8.76,516
SKU-0317,hospital,23.98,3.39,516
SKU-0317,chain,25.58,3.07,516
SKU-0317,independent,21.12,2.27,516
SKU-0318,total,44.93,7.99,516
SKU-0318,hospital,38.69,2.32,516
SKU-0318,chain,39.38,3.73,516
SKU-0318,independent,43.38,2.16,516
SKU-0319,total,38.63,22.31,516
SKU-0319,hospital,33.38,6.26,516
SKU-0319,chain,34.21,8.18,516
SKU-0319,independent,36.59,7.84,516
SKU-0320,total,15.63,217.99,516
SKU-0320,hospital,16.7,77.67,516
SKU-0320,chain,14.9,81.22,516
SKU-0320,independent,16.55,62.78,516
SKU-0321,total,19.84,6.63,516
SKU-0321,hospital,19.01,1.86,516
SKU-0321,chain,18.3,2.6,516
SKU-0321,independent,17.83,2.4,516
SKU-0322,total,66.87,33.7,516
SKU-0322,hospital,72.02,9.72,516
SKU-0322,chain,66.01,14.05,516
SKU-0322,independent,64.09,11.71,516
SKU-0323,total,61.74,311.3,516
SKU-0323,hospital,56.76,128.2,516
SKU-0323,chain,56.09,93.07,516
SKU-0323,independent,55.59,73.97,516
SKU-0324,total,20.59,2.14,516
SKU-0324,hospital,11.02,0.56,516
SKU-0324,chain,16.9,0.8,516
SKU-0324,independent,27.0,0.93,516
SKU-0325,total,32.32,8.02,516
SKU-0325,hospital,34.19,3.3,516
SKU-0325,chain,34.27,3.45,516
SKU-0325,independent,25.23,1.74,516
SKU-0326,total,23.5,13.08,516
SKU-0326,hospital,22.14,4.73,516
SKU-0326,chain,22.03,4.9,516
SKU-0326,independent,23.18,3.49,516
SKU-0327,total,32.95,10.79,516
SKU-0327,hospital,27.54,4.6,516
SKU-0327,chain,32.54,3.96,516
SKU-0327,independent,24.46,2.22,516
SKU-0328,total,30.55,268.12,516
SKU-0328,hospital,30.05,88.32,516
SKU-0328,chain,28.97,115.37,516
SKU-0328,independent,27.53,57.38,516
SKU-0329,total,18.68,324.05,516
SKU-0329,hospital,18.55,84.79,516
SKU-0329,chain,18.83,131.37,516
SKU-0329,independent,19.04,114.23,516
SKU-0330,total,44.55,80.63,516
SKU-0330,hospital,43.71,30.92,516
SKU-0330,chain,43.26,25.1,516
SKU-0330,independent,42.2,24.59,516
SKU-0331,total,32.19,17.11,516
SKU-0331,hospital,31.05,6.71,516
SKU-0331,chain,32.24,7.42,516
SKU-0331,independent,30.47,3.58,516
SKU-0332,total,28.36,8.37,516
SKU-0332,hospital,27.09,2.35,516
SKU-0332,chain,26.77,4.21,516
SKU-0332,independent,29.83,2.14,516
SKU-0333,total,30.4,16.8,516
SKU-0333,hospital,28.87,5.53,516
SKU-0333,chain,30.33,6.28,516
SKU-0333,independent,31.44,5.19,516
SKU-0334,total,31.12,1.98,516
SKU-0334,hospital,19.08,0.58,516
SKU-0334,chain,33.19,1.11,516
SKU-0334,independent,17.51,0.44,516
SKU-0335,total,24.5,2.7,516
SKU-0335,hospital,22.16,1.27,516
SKU-0335,chain,26.43,1.05,516
SKU-0335,independent,17.16,0.66,516
SKU-0336,total,39.59,25.1,516
SKU-0336,hospital,41.58,9.96,516
SKU-0336,chain,36.92,10.31,516
SKU-0336,independent,32.3,4.96,516
SKU-0337,total,45.58,5.3,516
SKU-0337,hospital,43.28,2.24,516
SKU-0337,chain,45.39,2.35,516
SKU-0337,independent,25.13,0.97,516
SKU-0338,total,30.39,12.66,516
SKU-0338,hospital,27.44,3.44,516
SKU-0338,chain,29.42,6.26,516
SKU-0338,independent,27.44,2.88,516
SKU-0339,total,11.65,89.64,516
SKU-0339,hospital,12.22,39.95,516
SKU-0339,chain,12.11,31.02,516
SKU-0339,independent,11.37,20.99,516
SKU-0340,total,110.37,309.35,516
SKU-0340,hospital,107.15,80.72,516
SKU-0340,chain,101.01,128.17,516
SKU-0340,independent,115.25,97.97,516
SKU-0341,total,53.17,12.36,516
SKU-0341,hospital,49.05,4.53,516
SKU-0341,chain,46.51,4.88,516
SKU-0341,independent,48.73,2.71,516
SKU-0342,total,15.87,8.73,516
SKU-0342,hospital,14.77,3.85,516
SKU-0342,chain,14.72,2.55,516
SKU-0342,independent,16.58,2.54,516
SKU-0343,total,18.89,14.65,516
SKU-0343,hospital,18.39,4.07,516
SKU-0343,chain,17.73,4.96,516
SKU-0343,independent,19.32,4.97,516
SKU-0344,total,31.89,10.63,516
SKU-0344,hospital,29.14,3.45,516
SKU-0344,chain,29.97,4.25,516
SKU-0344,independent,31.47,3.25,516
SKU-0345,total,59.25,156.72,516
SKU-0345,hospital,59.13,44.13,516
SKU-0345,chain,58.31,58.36,516
SKU-0345,independent,58.43,53.76,516
SKU-0346,total,44.73,25.65,516
SKU-0346,hospital,59.77,12.17,516
SKU-0346,chain,57.72,8.5,516
SKU-0346,independent,37.66,7.43,516
SKU-0347,total,32.69,22.08,516
SKU-0347,hospital,36.52,9.95,516
SKU-0347,chain,33.53,7.61,516
SKU-0347,independent,27.38,4.59,516
SKU-0348,total,47.9,259.72,516
SKU-0348,hospital,48.47,100.46,516
SKU-0348,chain,49.0,98.02,516
SKU-0348,independent,49.28,62.22,516
SKU-0349,total,30.98,5.54,516
SKU-0349,hospital,38.21,1.98,516
SKU-0349,chain,25.52,2.56,516
SKU-0349,independent,25.15,1.36,516
SKU-0350,total,41.13,28.62,516
SKU-0350,hospital,42.14,12.56,516
SKU-0350,chain,39.21,9.92,516
SKU-0350,independent,52.27,7.13,516
SKU-0351,total,43.72,149.36,516
SKU-0351,hospital,43.28,43.94,516
SKU-0351,chain,45.98,72.49,516
SKU-0351,independent,45.28,34.92,516
SKU-0352,total,25.94,8.72,516
SKU-0352,hospital,27.16,3.28,516
SKU-0352,chain,22.26,2.74,516
SKU-0352,independent,24.8,2.64,516
SKU-0353,total,24.81,22.06,516
SKU-0353,hospital,23.54,5.65,516
SKU-0353,chain,25.99,11.09,516
SKU-0353,independent,24.22,5.69,516
SKU-0354,total,25.52,7.67,516
SKU-0354,hospital,24.94,3.19,516
SKU-0354,chain,24.49,2.83,516
SKU-0354,independent,23.08,1.8,516
SKU-0355,total,17.56,5.32,516
SKU-0355,hospital,16.84,2.1,516
SKU-0355,chain,18.09,1.94,516
SKU-0355,independent,15.4,1.4,516
SKU-0356,total,38.69,7.11,516
SKU-0356,hospital,30.14,2.6,516
SKU-0356,chain,29.55,2.61,516
SKU-0356,independent,49.61,2.08,516
SKU-0357,total,29.09,8.11,516
SKU-0357,hospital,28.75,3.45,516
SKU-0357,chain,27.6,3.12,516
SKU-0357,independent,25.5,1.72,516
SKU-0358,total,17.62,9.26,516
SKU-0358,hospital,18.17,3.73,516
SKU-0358,chain,17.52,3.62,516
SKU-0358,independent,18.79,2.27,516
SKU-0359,total,27.91,2.66,516
SKU-0359,hospital,24.27,0.83,516
SKU-0359,chain,23.79,1.33,516
SKU-0359,independent,21.97,0.68,516
SKU-0360,total,18.1,9.86,516
SKU-0360,hospital,16.27,4.06,516
SKU-0360,chain,16.65,3.56,516
SKU-0360,independent,16.32,2.46,516
SKU-0361,total,18.08,10.31,516
SKU-0361,hospital,17.02,2.91,516
SKU-0361,chain,17.49,5.09,516
SKU-0361,independent,18.37,2.3,516
SKU-0362,total,44.58,6.37,516
SKU-0362,hospital,35.54,2.48,516
SKU-0362,chain,37.74,2.45,516
SKU-0362,independent,29.99,1.32,516
SKU-0363,total,32.8,5.95,516
SKU-0363,hospital,25.02,1.7,516
SKU-0363,chain,34.03,2.85,516
SKU-0363,independent,23.47,1.37,516
SKU-0364,total,19.78,329.53,516
SKU-0364,hospital,20.48,114.93,516
SKU-0364,chain,19.33,114.66,516
SKU-0364,independent,19.61,101.01,516
SKU-0365,total,27.94,53.32,516
SKU-0365,hospital,26.71,14.22,516
SKU-0365,chain,27.85,25.19,516
SKU-0365,independent,27.41,15.26,516
SKU-0366,total,24.64,21.41,516
SKU-0366,hospital,24.68,7.77,516
SKU-0366,chain,22.31,7.5,516
SKU-0366,independent,23.63,6.7,516
SKU-0367,total,41.0,14.59,516
SKU-0367,hospital,41.01,5.03,516
SKU-0367,chain,38.48,5.65,516
SKU-0367,independent,32.9,3.52,516
SKU-0368,total,35.07,17.82,516
SKU-0368,hospital,34.34,5.91,516
SKU-0368,chain,29.48,7.64,516
SKU-0368,independent,29.56,4.24,516
SKU-0369,total,42.01,8.08,516
SKU-0369,hospital,40.77,2.84,516
SKU-0369,chain,36.99,3.69,516
SKU-0369,independent,37.81,1.79,516
SKU-0370,total,36.52,11.59,516
SKU-0370,hospital,37.04,4.84,516
SKU-0370,chain,39.69,4.97,516
SKU-0370,independent,37.82,2.36,516
SKU-0371,total,30.73,125.66,516
SKU-0371,hospital,29.07,31.66,516
SKU-0371,chain,30.05,54.9,516
SKU-0371,independent,27.85,39.47,516
SKU-0372,total,51.56,99.24,516
SKU-0372,hospital,51.15,26.03,516
SKU-0372,chain,48.06,38.06,516
SKU-0372,independent,52.44,33.95,516
SKU-0373,total,21.57,282.64,516
SKU-0373,hospital,21.63,114.21,516
SKU-0373,chain,20.38,84.5,516
SKU-0373,independent,21.56,79.71,516
SKU-0374,total,21.21,139.19,516
SKU-0374,hospital,20.51,58.49,516
SKU-0374,chain,20.8,43.65,516
SKU-0374,independent,20.74,29.25,516
SKU-0375,total,19.08,16.43,516
SKU-0375,hospital,19.47,5.85,516
SKU-0375,chain,18.62,7.07,516
SKU-0375,independent,17.57,3.44,516
SKU-0376,total,20.28,14.78,516
SKU-0376,hospital,22.07,5.4,516
SKU-0376,chain,19.53,6.18,516
SKU-0376,independent,18.81,4.05,516
SKU-0377,total,21.59,5.66,516
SKU-0377,hospital,20.51,2.16,516
SKU-0377,chain,22.45,2.27,516
SKU-0377,independent,21.45,1.26,516
SKU-0378,total,22.39,14.3,516
SKU-0378,hospital,21.67,5.35,516
SKU-0378,chain,21.59,5.81,516
SKU-0378,independent,25.91,3.04,516
SKU-0379,total,45.39,8.95,516
SKU-0379,hospital,41.63,3.52,516
SKU-0379,chain,34.38,3.12,516
SKU-0379,independent,37.75,2.04,516
SKU-0380,total,79.87,30.59,516
SKU-0380,hospital,69.15,11.22,516
SKU-0380,chain,75.07,10.73,516
SKU-0380,independent,69.99,7.52,516
SKU-0381,total,12.74,82.89,516
SKU-0381,hospital,13.07,36.26,516
SKU-0381,chain,12.43,32.81,516
SKU-0381,independent,12.35,15.01,516
SKU-0382,total,15.92,87.94,516
SKU-0382,hospital,16.09,33.89,516
SKU-0382,chain,15.96,36.54,516
SKU-0382,independent,17.23,19.76,516
SKU-0383,total,47.84,24.34,516
SKU-0383,hospital,51.31,10.94,516
SKU-0383,chain,51.92,8.59,516
SKU-0383,independent,42.81,5.54,516
SKU-0384,total,30.42,15.46,516
SKU-0384,hospital,31.05,4.97,516
SKU-0384,chain,27.14,7.35,516
SKU-0384,independent,26.7,3.64,516
SKU-0385,total,19.65,12.96,516
SKU-0385,hospital,20.31,3.49,516
SKU-0385,chain,21.65,5.68,516
SKU-0385,independent,18.51,4.1,516
SKU-0386,total,36.55,12.19,516
SKU-0386,hospital,35.86,4.35,516
SKU-0386,chain,37.77,4.93,516
SKU-0386,independent,28.66,3.49,516
SKU-0387,total,63.8,11.15,516
SKU-0387,hospital,43.87,3.58,516
SKU-0387,chain,67.83,4.12,516
SKU-0387,independent,65.16,4.06,516
SKU-0388,total,36.51,29.79,516
SKU-0388,hospital,36.69,9.03,516
SKU-0388,chain,35.4,10.97,516
SKU-0388,independent,36.86,10.04,516
SKU-0389,total,14.68,132.59,516
SKU-0389,hospital,15.1,39.0,516
SKU-0389,chain,14.87,57.88,516
SKU-0389,independent,15.6,42.06,516
SKU-0390,total,33.12,106.15,516
SKU-0390,hospital,32.32,28.15,516
SKU-0390,chain,31.69,53.77,516
SKU-0390,independent,31.47,24.78,516
SKU-0391,total,36.95,3.62,516
SKU-0391,hospital,41.11,1.24,516
SKU-0391,chain,39.68,1.87,516
SKU-0391,independent,19.88,0.72,516
SKU-0392,total,39.98,236.57,516
SKU-0392,hospital,39.42,100.69,516
SKU-0392,chain,42.48,82.28,516
SKU-0392,independent,40.12,52.57,516
SKU-0393,total,17.02,4.15,516
SKU-0393,hospital,15.47,1.65,516
SKU-0393,chain,17.68,1.77,516
SKU-0393,independent,16.68,1.06,516
SKU-0394,total,18.01,4.91,516
SKU-0394,hospital,18.09,1.54,516
SKU-0394,chain,16.78,2.09,516
SKU-0394,independent,17.93,1.52,516
SKU-0395,total,28.26,5.08,516
SKU-0395,hospital,33.03,2.52,516
SKU-0395,chain,21.39,1.4,516
SKU-0395,independent,18.37,1.23,516
SKU-0396,total,24.73,438.72,516
SKU-0396,hospital,25.28,183.71,516
SKU-0396,chain,25.98,157.65,516
SKU-0396,independent,25.18,117.2,516
SKU-0397,total,22.59,4.84,516
SKU-0397,hospital,19.93,1.83,516
SKU-0397,chain,19.93,1.83,516
SKU-0397,independent,22.98,1.48,516
SKU-0398,total,30.11,12.56,516
SKU-0398,hospital,30.67,3.46,516
SKU-0398,chain,32.59,6.08,516
SKU-0398,independent,27.65,3.39,516
SKU-0399,total,27.81,3.95,516
SKU-0399,hospital,23.28,1.65,516
SKU-0399,chain,26.58,1.45,516
SKU-0399,independent,20.55,0.98,516
SKU-0400,total,45.08,93.97,516
SKU-0400,hospital,44.5,32.38,516
SKU-0400,chain,47.16,32.7,516
SKU-0400,independent,45.88,30.96,516
SKU-0401,total,25.7,2.69,516
SKU-0401,hospital,26.01,1.09,516
SKU-0401,chain,32.06,1.29,516
SKU-0401,independent,14.83,0.66,516
SKU-0402,total,76.49,105.26,516
SKU-0402,hospital,78.64,45.22,516
SKU-0402,chain,75.29,38.89,516
SKU-0402,independent,80.11,23.83,516
SKU-0403,total,24.35,3.58,516
SKU-0403,hospital,21.39,1.45,516
SKU-0403,chain,22.76,1.4,516
SKU-0403,independent,26.95,1.17,516
SKU-0404,total,19.08,13.71,516
SKU-0404,hospital,18.2,6.02,516
SKU-0404,chain,18.5,4.2,516
SKU-0404,independent,18.61,3.88,516
SKU-0405,total,26.19,10.01,516
SKU-0405,hospital,27.26,4.32,516
SKU-0405,chain,27.52,3.79,516
SKU-0405,independent,25.74,2.13,516
SKU-0406,total,18.38,6.72,516
SKU-0406,hospital,21.78,2.03,516
SKU-0406,chain,17.93,3.21,516
SKU-0406,independent,17.96,1.55,516
SKU-0407,total,25.95,22.81,516
SKU-0407,hospital,22.76,8.22,516
SKU-0407,chain,24.72,9.19,516
SKU-0407,independent,24.45,5.64,516
SKU-0408,total,33.1,6.34,516
SKU-0408,hospital,34.55,2.58,516
SKU-0408,chain,34.38,2.65,516
SKU-0408,independent,24.37,1.31,516
SKU-0409,total,53.33,2.76,516
SKU-0409,hospital,37.0,0.86,516
SKU-0409,chain,43.34,1.13,516
SKU-0409,independent,34.34,0.97,516
SKU-0410,total,32.67,16.22,516
SKU-0410,hospital,31.19,5.7,516
SKU-0410,chain,32.09,7.59,516
SKU-0410,independent,34.59,3.55,516
SKU-0411,total,25.73,11.66,516
SKU-0411,hospital,24.83,4.51,516
SKU-0411,chain,22.53,3.86,516
SKU-0411,independent,24.39,3.34,516
SKU-0412,total,20.77,19.3,516
SKU-0412,hospital,19.83,5.08,516
SKU-0412,chain,20.08,9.66,516
SKU-0412,independent,19.52,4.29,516
SKU-0413,total,47.17,23.92,516
SKU-0413,hospital,50.27,9.18,516
SKU-0413,chain,49.81,10.16,516
SKU-0413,independent,52.18,5.36,516
SKU-0414,total,37.01,2.21,516
SKU-0414,hospital,21.64,0.65,516
SKU-0414,chain,37.5,1.06,516
SKU-0414,independent,25.52,0.71,516
SKU-0415,total,36.72,23.76,516
SKU-0415,hospital,35.25,6.93,516
SKU-0415,chain,33.14,8.52,516
SKU-0415,independent,37.5,7.98,516
SKU-0416,total,34.49,17.76,516
SKU-0416,hospital,33.18,5.97,516
SKU-0416,chain,33.3,6.3,516
SKU-0416,independent,31.44,5.12,516
SKU-0417,total,24.81,20.84,516
SKU-0417,hospital,23.14,7.12,516
SKU-0417,chain,24.41,9.27,516
SKU-0417,independent,23.7,4.28,516
SKU-0418,total,39.75,23.98,516
SKU-0418,hospital,43.2,8.56,516
SKU-0418,chain,41.52,7.7,516
SKU-0418,independent,32.13,7.64,516
SKU-0419,total,43.39,5.32,516
SKU-0419,hospital,52.73,2.83,516
SKU-0419,chain,42.29,2.18,516
SKU-0419,independent,26.67,1.23,516
SKU-0420,total,35.86,11.15,516
SKU-0420,hospital,29.16,2.96,516
SKU-0420,chain,33.52,5.59,516
SKU-0420,independent,32.84,2.63,516
SKU-0421,total,34.8,9.91,516
SKU-0421,hospital,30.23,4.14,516
SKU-0421,chain,34.95,3.57,516
SKU-0421,independent,24.72,2.62,516
SKU-0422,total,25.57,5.62,516
SKU-0422,hospital,25.65,1.86,516
SKU-0422,chain,25.65,1.86,516
SKU-0422,independent,22.45,2.08,516
SKU-0423,total,32.16,11.48,516
SKU-0423,hospital,33.48,4.71,516
SKU-0423,chain,28.24,3.98,516
SKU-0423,independent,35.37,2.83,516
SKU-0424,total,23.34,1.22,516
SKU-0424,hospital,17.6,0.5,516
SKU-0424,chain,15.9,0.47,516
SKU-0424,independent,34.73,0.55,516
SKU-0425,total,54.7,158.73,516
SKU-0425,hospital,54.78,68.96,516
SKU-0425,chain,56.95,49.53,516
SKU-0425,independent,52.67,38.91,516
SKU-0426,total,58.07,26.88,516
SKU-0426,hospital,50.18,6.67,516
SKU-0426,chain,52.65,11.84,516
SKU-0426,independent,57.13,7.48,516
SKU-0427,total,21.12,4.13,516
SKU-0427,hospital,19.37,1.9,516
SKU-0427,chain,17.59,1.27,516
SKU-0427,independent,19.62,1.24,516
SKU-0428,total,23.53,8.38,516
SKU-0428,hospital,20.1,2.95,516
SKU-0428,chain,21.17,2.58,516
SKU-0428,independent,23.03,2.8,516
SKU-0429,total,17.71,11.37,516
SKU-0429,hospital,17.3,3.17,516
SKU-0429,chain,18.22,4.89,516
SKU-0429,independent,18.37,3.61,516
SKU-0430,total,54.65,3.78,516
SKU-0430,hospital,49.43,1.47,516
SKU-0430,chain,41.17,1.34,516
SKU-0430,independent,28.18,0.98,516
SKU-0431,total,33.99,16.26,516
SKU-0431,hospital,32.12,5.33,516
SKU-0431,chain,36.13,7.77,516
SKU-0431,independent,40.26,4.05,516
SKU-0432,total,15.26,138.18,516
SKU-0432,hospital,14.61,37.08,516
SKU-0432,chain,14.52,57.65,516
SKU-0432,independent,14.55,37.48,516
SKU-0433,total,27.46,11.59,516
SKU-0433,hospital,22.46,4.16,516
SKU-0433,chain,23.01,3.97,516
SKU-0433,independent,24.94,3.18,516
SKU-0434,total,20.67,11.22,516
SKU-0434,hospital,18.62,4.32,516
SKU-0434,chain,20.56,4.46,516
SKU-0434,independent,19.04,2.81,516
SKU-0435,total,48.18,13.69,516
SKU-0435,hospital,42.68,4.18,516
SKU-0435,chain,43.38,5.36,516
SKU-0435,independent,45.81,4.13,516
SKU-0436,total,29.11,8.97,516
SKU-0436,hospital,33.68,3.79,516
SKU-0436,chain,29.25,3.26,516
SKU-0436,independent,26.14,2.02,516
SKU-0437,total,28.68,12.15,516
SKU-0437,hospital,25.35,4.35,516
SKU-0437,chain,27.14,4.22,516
SKU-0437,independent,28.86,3.91,516
SKU-0438,total,42.9,30.73,516
SKU-0438,hospital,46.07,11.03,516
SKU-0438,chain,39.95,9.67,516
SKU-0438,independent,42.05,8.76,516
SKU-0439,total,18.14,405.27,516
SKU-0439,hospital,18.09,124.48,516
SKU-0439,chain,18.25,143.95,516
SKU-0439,independent,18.38,134.97,516
SKU-0440,total,53.81,66.3,516
SKU-0440,hospital,55.33,27.7,516
SKU-0440,chain,49.01,20.1,516
SKU-0440,independent,54.87,18.33,516
SKU-0441,total,33.78,7.87,516
SKU-0441,hospital,34.58,3.23,516
SKU-0441,chain,32.09,3.13,516
SKU-0441,independent,26.76,1.67,516
SKU-0442,total,43.46,17.16,516
SKU-0442,hospital,41.72,4.96,516
SKU-0442,chain,38.7,6.29,516
SKU-0442,independent,40.91,6.04,516
SKU-0443,total,48.33,7.42,516
SKU-0443,hospital,35.92,2.54,516
SKU-0443,chain,37.11,2.8,516
SKU-0443,independent,47.94,2.21,516
SKU-0444,total,29.9,231.59,516
SKU-0444,hospital,27.97,89.26,516
SKU-0444,chain,28.73,73.34,516
SKU-0444,independent,28.89,52.15,516
SKU-0445,total,33.54,13.26,516
SKU-0445,hospital,37.57,5.22,516
SKU-0445,chain,31.8,4.39,516
SKU-0445,independent,29.79,3.57,516
SKU-0446,total,62.61,19.84,516
SKU-0446,hospital,59.27,6.16,516
SKU-0446,chain,61.27,9.63,516
SKU-0446,independent,61.24,4.56,516
SKU-0447,total,24.77,23.69,516
SKU-0447,hospital,25.3,6.31,516
SKU-0447,chain,26.08,10.74,516
SKU-0447,independent,24.65,7.34,516
SKU-0448,total,37.25,13.08,516
SKU-0448,hospital,33.11,4.11,516
SKU-0448,chain,32.97,5.26,516
SKU-0448,independent,34.1,3.49,516
SKU-0449,total,39.82,26.15,516
SKU-0449,hospital,35.47,7.53,516
SKU-0449,chain,39.57,10.41,516
SKU-0449,independent,39.78,7.97,516
SKU-0450,total,30.49,17.79,516
SKU-0450,hospital,29.48,4.96,516
SKU-0450,chain,30.47,7.18,516
SKU-0450,independent,27.93,5.86,516
SKU-0451,total,43.54,5.16,516
SKU-0451,hospital,40.87,2.27,516
SKU-0451,chain,29.0,1.66,516
SKU-0451,independent,38.72,1.29,516
SKU-0452,total,27.59,12.26,516
SKU-0452,hospital,25.7,4.74,516
SKU-0452,chain,26.55,5.15,516
SKU-0452,independent,26.2,2.31,516
SKU-0453,total,21.89,2.57,516
SKU-0453,hospital,23.54,0.99,516
SKU-0453,chain,24.32,1.33,516
SKU-0453,independent,9.73,0.42,516
SKU-0454,total,35.24,14.41,516
SKU-0454,hospital,30.23,6.0,516
SKU-0454,chain,32.03,5.82,516
SKU-0454,independent,33.18,2.7,516
SKU-0455,total,23.67,11.89,516
SKU-0455,hospital,24.54,3.65,516
SKU-0455,chain,21.65,4.96,516
SKU-0455,independent,22.08,3.6,516
SKU-0456,total,48.72,5.41,516
SKU-0456,hospital,37.18,2.08,516
SKU-0456,chain,38.04,1.79,516
SKU-0456,independent,46.59,1.55,516
SKU-0457,total,26.05,11.1,516
SKU-0457,hospital,27.27,4.53,516
SKU-0457,chain,25.51,4.52,516
SKU-0457,independent,25.04,2.06,516
SKU-0458,total,42.49,21.62,516
SKU-0458,hospital,38.56,9.01,516
SKU-0458,chain,39.68,7.77,516
SKU-0458,independent,39.35,4.43,516
SKU-0459,total,21.35,3.75,516
SKU-0459,hospital,13.91,1.05,516
SKU-0459,chain,22.69,1.77,516
SKU-0459,independent,20.69,1.07,516
SKU-0460,total,26.97,4.39,516
SKU-0460,hospital,28.24,1.46,516
SKU-0460,chain,23.14,2.03,516
SKU-0460,independent,30.12,1.2,516
SKU-0461,total,29.38,14.62,516
SKU-0461,hospital,31.55,5.47,516
SKU-0461,chain,24.84,5.66,516
SKU-0461,independent,29.11,3.81,516
SKU-0462,total,18.52,12.04,516
SKU-0462,hospital,19.31,4.7,516
SKU-0462,chain,18.37,5.25,516
SKU-0462,independent,18.93,3.03,516
SKU-0463,total,23.53,10.06,516
SKU-0463,hospital,21.46,2.7,516
SKU-0463,chain,22.86,4.05,516
SKU-0463,independent,23.09,3.52,516
SKU-0464,total,42.86,16.23,516
SKU-0464,hospital,33.33,5.2,516
SKU-0464,chain,37.76,5.74,516
SKU-0464,independent,35.85,4.65,516
SKU-0465,total,69.26,191.76,516
SKU-0465,hospital,70.76,52.11,516
SKU-0465,chain,75.3,76.68,516
SKU-0465,independent,77.39,73.25,516
SKU-0466,total,24.68,2.27,516
SKU-0466,hospital,16.89,0.77,516
SKU-0466,chain,19.11,0.85,516
SKU-0466,independent,25.78,0.81,516
SKU-0467,total,54.23,16.4,516
SKU-0467,hospital,47.37,4.56,516
SKU-0467,chain,52.95,8.17,516
SKU-0467,independent,44.85,3.62,516
SKU-0468,total,31.72,11.35,516
SKU-0468,hospital,28.6,5.1,516
SKU-0468,chain,26.66,3.75,516
SKU-0468,independent,27.84,2.73,516
SKU-0469,total,28.43,90.44,516
SKU-0469,hospital,28.23,35.99,516
SKU-0469,chain,28.61,27.6,516
SKU-0469,independent,28.5,26.27,516
SKU-0470,total,53.53,271.44,516
SKU-0470,hospital,53.75,70.63,516
SKU-0470,chain,57.67,142.41,516
SKU-0470,independent,54.38,60.89,516
SKU-0471,total,34.89,17.99,516
SKU-0471,hospital,33.79,5.51,516
SKU-0471,chain,30.28,6.97,516
SKU-0471,independent,33.74,5.28,516
SKU-0472,total,42.42,5.7,516
SKU-0472,hospital,33.62,2.23,516
SKU-0472,chain,36.52,2.03,516
SKU-0472,independent,23.89,1.14,516
SKU-0473,total,36.62,14.98,516
SKU-0473,hospital,36.88,6.65,516
SKU-0473,chain,43.13,4.61,516
SKU-0473,independent,31.96,4.19,516
SKU-0474,total,41.43,22.2,516
SKU-0474,hospital,39.3,6.93,516
SKU-0474,chain,45.02,9.78,516
SKU-0474,independent,44.13,5.76,516
SKU-0475,total,16.86,7.31,516
SKU-0475,hospital,16.67,3.18,516
SKU-0475,chain,16.87,2.2,516
SKU-0475,independent,16.67,2.1,516
SKU-0476,total,21.9,141.95,516
SKU-0476,hospital,20.89,55.69,516
SKU-0476,chain,22.09,59.09,516
SKU-0476,independent,21.74,28.01,516
SKU-0477,total,38.1,23.05,516
SKU-0477,hospital,35.24,10.05,516
SKU-0477,chain,34.82,8.82,516
SKU-0477,independent,28.91,5.08,516
SKU-0478,total,31.57,111.35,516
SKU-0478,hospital,31.03,43.08,516
SKU-0478,chain,30.73,40.79,516
SKU-0478,independent,30.71,30.92,516
SKU-0479,total,22.61,8.51,516
SKU-0479,hospital,24.07,3.19,516
SKU-0479,chain,23.94,3.78,516
SKU-0479,independent,20.98,1.8,516
SKU-0480,total,22.68,371.38,516
SKU-0480,hospital,22.07,111.8,516
SKU-0480,chain,22.76,125.45,516
SKU-0480,independent,22.55,124.53,516
SKU-0481,total,66.81,31.88,516
SKU-0481,hospital,53.79,7.93,516
SKU-0481,chain,56.35,13.58,516
SKU-0481,independent,51.65,7.79,516
SKU-0482,total,25.91,21.79,516
SKU-0482,hospital,24.26,7.12,516
SKU-0482,chain,28.33,8.84,516
SKU-0482,independent,25.36,5.73,516
SKU-0483,total,32.77,5.41,516
SKU-0483,hospital,29.46,1.54,516
SKU-0483,chain,31.94,2.6,516
SKU-0483,independent,31.72,1.68,516
SKU-0484,total,40.27,1.56,516
SKU-0484,hospital,5.64,0.23,516
SKU-0484,chain,24.94,0.65,516
SKU-0484,independent,82.47,1.06,516
SKU-0485,total,27.49,10.39,516
SKU-0485,hospital,26.08,3.01,516
SKU-0485,chain,26.25,4.72,516
SKU-0485,independent,24.44,2.71,516
SKU-0486,total,23.87,12.6,516
SKU-0486,hospital,25.52,3.55,516
SKU-0486,chain,23.35,6.36,516
SKU-0486,independent,22.78,3.26,516
SKU-0487,total,33.12,155.93,516
SKU-0487,hospital,32.7,64.18,516
SKU-0487,chain,34.69,64.4,516
SKU-0487,independent,32.42,29.07,516
SKU-0488,total,45.0,9.03,516
SKU-0488,hospital,39.55,2.87,516
SKU-0488,chain,40.33,4.28,516
SKU-0488,independent,36.96,2.04,516
SKU-0489,total,39.66,351.81,516
SKU-0489,hospital,40.26,97.77,516
SKU-0489,chain,39.82,153.88,516
SKU-0489,independent,39.55,90.63,516
SKU-0490,total,20.02,17.28,516
SKU-0490,hospital,19.47,5.58,516
SKU-0490,chain,19.34,8.14,516
SKU-0490,independent,18.3,3.47,516
SKU-0491,total,46.22,10.89,516
SKU-0491,hospital,42.83,4.75,516
SKU-0491,chain,50.29,4.01,516
SKU-0491,independent,38.32,2.47,516
SKU-0492,total,45.31,13.19,516
SKU-0492,hospital,46.42,4.4,516
SKU-0492,chain,37.38,4.75,516
SKU-0492,independent,46.9,4.16,516
SKU-0493,total,18.62,7.79,516
SKU-0493,hospital,16.59,2.34,516
SKU-0493,chain,18.74,3.09,516
SKU-0493,independent,16.97,2.55,516
SKU-0494,total,32.54,2.27,516
SKU-0494,hospital,44.05,1.2,516
SKU-0494,chain,44.05,1.2,516
SKU-0494,independent,13.2,0.49,516
SKU-0495,total,26.05,8.45,516
SKU-0495,hospital,24.37,3.64,516
SKU-0495,chain,25.4,3.09,516
SKU-0495,independent,26.99,2.07,516
SKU-0496,total,32.08,57.96,516
SKU-0496,hospital,30.74,14.61,516
SKU-0496,chain,29.88,30.09,516
SKU-0496,independent,30.38,13.37,516
SKU-0497,total,31.24,13.04,516
SKU-0497,hospital,30.82,5.68,516
SKU-0497,chain,31.26,4.76,516
SKU-0497,independent,26.57,2.52,516
SKU-0498,total,31.2,9.69,516
SKU-0498,hospital,36.14,4.99,516
SKU-0498,chain,30.58,3.09,516
SKU-0498,independent,32.72,2.88,516
SKU-0499,total,28.88,24.11,516
SKU-0499,hospital,29.34,8.52,516
SKU-0499,chain,29.3,9.27,516
SKU-0499,independent,27.19,6.19,516
SKU-0500,total,20.67,6.3,516
SKU-0500,hospital,19.46,2.39,516
SKU-0500,chain,19.98,2.68,516
SKU-0500,independent,18.52,1.46,516
